epo_train,disc_train,gen_train
1,0.229006,0.43136
2,0.096062,0.337007
3,0.070979,0.31136
4,0.050211,0.297675
5,0.049586,0.288845
6,0.051992,0.279423
7,0.040299,0.277534
8,0.034831,0.275088
9,0.034976,0.271525
10,0.030574,0.268644
11,0.026178,0.268888
12,0.026234,0.265293
13,0.025185,0.263529
14,0.023525,0.263008
15,0.020969,0.261851
16,0.021342,0.261109
17,0.022776,0.261934
18,0.028166,0.257059
19,0.017109,0.257475
20,0.015891,0.256472
21,0.015514,0.252751
22,0.015679,0.253079
23,0.016068,0.25326
24,0.016442,0.252332
25,0.014703,0.250803
26,0.01306,0.250583
27,0.012902,0.249597
28,0.013812,0.249053
29,0.013063,0.247182
30,0.013097,0.247123
31,0.012287,0.246726
32,0.011133,0.246532
33,0.011451,0.243651
2,0.097817,0.335338
3,0.069836,0.309641
4,0.052186,0.297936
5,0.059341,0.289589
6,0.046715,0.282933
7,0.03944,0.275815
8,0.034058,0.270645
9,0.032452,0.271289
10,0.030693,0.270943
11,0.027554,0.265705
12,0.028087,0.269998
13,0.02425,0.265507
14,0.022045,0.26164
15,0.021288,0.260861
16,0.021255,0.259603
17,0.02461,0.257898
18,0.018687,0.258877
19,0.017038,0.255675
20,0.018853,0.255561
21,0.016119,0.257322
22,0.01792,0.253834
23,0.014614,0.251417
24,0.01682,0.251315
25,0.015132,0.250148
26,0.013608,0.248045
27,0.013786,0.248354
28,0.012991,0.250116
29,0.013729,0.246495
30,0.013406,0.246951
31,0.011214,0.246044
32,0.011873,0.245485
33,0.012049,0.248833
34,0.010296,0.245022
35,0.009886,0.242879
36,0.01113,0.243726
37,0.009924,0.243532
38,0.008998,0.242636
39,0.008768,0.241437
40,0.008611,0.241796
41,0.010949,0.240103
42,0.007933,0.240018
43,0.00758,0.240709
44,0.008604,0.239143
45,0.007735,0.238218
46,0.007059,0.239522
47,0.009762,0.239316
48,0.007663,0.239506
49,0.006411,0.23715
50,0.006896,0.238437
51,0.007158,0.23527
52,0.006582,0.237274
53,0.006518,0.236488
54,0.00843,0.236134
55,0.006347,0.234487
56,0.005093,0.235472
57,0.00543,0.235271
58,0.008006,0.234521
59,0.346573,0.234347
60,0.0204,0.233157
61,0.012132,0.233636
62,0.009855,0.233533
63,0.008953,0.231229
64,0.007946,0.232792
65,0.007582,0.233214
66,0.006787,0.232888
67,0.006553,0.232077
68,0.006395,0.232179
69,0.00585,0.231293
70,0.00644,0.231141
71,0.005853,0.227871
72,0.00585,0.231886
73,0.004834,0.229163
74,0.004859,0.229067
75,0.004985,0.228938
76,0.004825,0.229217
77,0.004729,0.227808
78,0.004297,0.229367
79,0.004247,0.227484
80,0.004149,0.226947
81,0.004188,0.228022
82,0.004206,0.227019
83,0.004327,0.22768
84,0.004076,0.225532
85,0.00469,0.227365
86,0.003937,0.226738
87,0.003715,0.225351
88,0.003823,0.227609
89,0.003545,0.224058
90,0.003691,0.224814
91,0.0031,0.224834
92,0.003258,0.225813
93,0.003299,0.224686
94,0.003186,0.223678
95,0.003137,0.224472
96,0.003108,0.225045
97,0.003118,0.222758
98,0.002728,0.224985
99,0.002788,0.223261
100,0.002731,0.224785
101,0.00302,0.221753
102,0.002861,0.222038
103,0.002503,0.221384
104,0.002756,0.222722
105,0.002568,0.222415
106,0.002608,0.222373
107,0.002475,0.221757
108,0.00228,0.222235
109,0.002841,0.221162
110,0.002691,0.222814
111,0.002367,0.2215
112,0.002878,0.2214
113,0.002157,0.219856
114,0.002371,0.219667
115,0.002305,0.22069
116,0.002621,0.220504
102,0.002853,0.221746
103,0.003094,0.223627
104,0.002391,0.221437
105,0.002391,0.222931
106,0.002513,0.222291
107,0.002736,0.221312
108,0.002412,0.221157
109,0.002334,0.22145
110,0.002578,0.22111
111,0.002574,0.221039
112,0.002538,0.222228
113,0.002234,0.220715
114,0.002348,0.22088
115,0.002893,0.217627
116,0.002228,0.222016
117,0.002452,0.2201
118,0.002502,0.219603
119,0.002354,0.219548
120,0.003598,0.219859
121,0.00221,0.220125
122,0.002062,0.218412
123,0.002442,0.220563
124,0.002744,0.219477
125,0.002898,0.216777
126,0.001951,0.217692
127,0.002064,0.218093
128,0.002377,0.218343
129,0.002183,0.217818
130,0.00191,0.217369
131,0.00213,0.217782
132,0.002607,0.218113
133,0.001918,0.217255
134,0.001803,0.218083
135,0.001596,0.217576
136,0.002434,0.217957
137,0.002252,0.218428
138,0.00182,0.216321
139,0.003251,0.21662
140,0.001345,0.217268
141,0.001931,0.215261
142,0.001889,0.216245
143,0.002754,0.218178
144,0.001897,0.215715
145,0.001858,0.216528
146,0.00201,0.213949
147,0.002257,0.215452
148,0.001808,0.215734
149,0.001591,0.215218
150,0.00188,0.214781
151,0.002397,0.213989
152,0.002638,0.213611
153,0.001762,0.213657
154,0.001409,0.214514
155,0.001377,0.215146
156,0.001581,0.214145
157,0.002375,0.213738
158,0.002074,0.212263
159,0.005542,0.212687
160,0.001438,0.213685
161,0.001,0.213357
162,0.001361,0.212381
163,0.001305,0.212999
164,0.001401,0.212931
165,0.001317,0.212869
166,0.001686,0.212965
167,0.002443,0.212861
168,0.00213,0.211019
169,0.001697,0.211757
170,0.002068,0.212374
171,0.001195,0.212218
172,0.001254,0.211898
173,0.00141,0.210914
174,0.002172,0.210714
175,0.002429,0.212147
176,0.001211,0.211206
177,0.001111,0.211013
178,0.001307,0.210444
179,0.001835,0.210688
180,0.001777,0.210321
181,0.002372,0.210056
182,0.002292,0.209633
183,0.001079,0.209551
184,0.001229,0.209566
185,0.001463,0.210134
186,0.001674,0.20911
187,0.002301,0.210253
188,0.001391,0.209063
189,0.001563,0.210844
190,0.001402,0.20899
191,0.000907,0.20862
192,0.001536,0.208831
193,0.001262,0.208867
194,0.001893,0.208328
195,0.001565,0.208502
196,0.002355,0.209492
197,0.001718,0.208693
198,0.001315,0.208953
199,0.001215,0.209851
200,0.001206,0.208971
201,0.001819,0.208481
202,0.001799,0.208304
203,0.001389,0.207798
204,0.000928,0.207704
205,0.000938,0.207504
206,0.003339,0.207603
207,0.002098,0.208355
208,0.000825,0.207583
209,0.000887,0.205521
210,0.001119,0.207612
211,0.001083,0.206793
212,0.001204,0.206176
213,0.001698,0.207062
214,0.001719,0.207355
215,0.002157,0.206414
216,0.001217,0.206427
217,0.001162,0.205368
218,0.001045,0.206446
219,0.001036,0.205133
220,0.001051,0.205869
221,0.001657,0.206413
222,0.002511,0.204647
223,0.001049,0.204966
224,0.000785,0.204478
225,0.001242,0.204538
226,0.00191,0.206039
227,0.001337,0.203844
228,0.00222,0.204024
229,0.001207,0.207279
230,0.001674,0.205014
231,0.001182,0.204041
232,0.000753,0.205562
233,0.001411,0.204562
234,0.001497,0.20373
235,0.000749,0.204569
236,0.00185,0.205564
237,0.000914,0.203738
238,0.001336,0.203536
239,0.001084,0.20387
240,0.000852,0.202036
241,0.001411,0.203463
242,0.00116,0.203087
243,0.001598,0.203738
244,0.001362,0.202923
245,0.002237,0.203826
246,0.00081,0.201387
247,0.000513,0.203635
248,0.00178,0.202864
249,0.0016,0.202011
250,0.00057,0.204
251,0.000606,0.203067
252,0.000884,0.202532
253,0.005382,0.201445
254,0.001004,0.20305
255,0.000661,0.201283
256,0.002179,0.201321
257,0.002788,0.201725
258,0.000798,0.20197
259,0.000752,0.200049
260,0.000661,0.202139
261,0.000594,0.200364
262,0.000744,0.200547
263,0.001203,0.20097
264,0.000775,0.201703
265,0.001126,0.20078
266,0.000863,0.200853
267,0.000769,0.201301
268,0.001019,0.201384
269,0.000983,0.201754
270,0.001,0.202494
271,0.002196,0.200513
272,0.00108,0.201022
273,0.209646,0.201136
274,0.005548,0.200756
275,0.002972,0.200783
276,0.002366,0.200144
277,0.002525,0.202661
278,0.001656,0.199404
279,0.0017,0.198884
280,0.001308,0.199315
281,0.001576,0.200174
282,0.00147,0.199283
283,0.001416,0.1994
284,0.002801,0.198564
285,0.001646,0.199617
286,0.00198,0.199555
287,0.000967,0.199098
288,0.00087,0.198982
289,0.00125,0.199878
290,0.001039,0.198164
291,0.001068,0.198916
292,0.000912,0.197239
293,0.00067,0.200482
294,0.001126,0.197021
295,0.000632,0.197309
296,0.000595,0.198001
297,0.000763,0.19737
298,0.000732,0.198759
299,0.000819,0.198928
300,0.000789,0.197943
301,0.000526,0.196702
302,0.000943,0.197054
303,0.000877,0.197662
304,0.000765,0.196646
305,0.000611,0.196697
306,0.000777,0.196286
307,0.000542,0.197044
308,0.000495,0.198687
309,0.00065,0.197161
310,0.000697,0.19708
311,0.000583,0.197606
312,0.000701,0.195812
313,0.000849,0.196863
314,0.000509,0.195637
315,0.000563,0.196791
316,0.000483,0.196069
317,0.000973,0.19557
318,0.001,0.19658
319,0.000561,0.196355
320,0.000632,0.195919
321,0.000412,0.195366
322,0.000388,0.194232
323,0.000795,0.195418
324,0.000902,0.194515
325,0.000601,0.19625
326,0.000457,0.195038
327,0.000702,0.196018
328,0.000788,0.194125
329,0.000677,0.195785
330,0.001101,0.195896
331,0.000716,0.195105
332,0.000631,0.194361
333,0.001154,0.194147
334,0.000636,0.194826
335,0.000445,0.195121
336,0.00095,0.194647
337,0.001706,0.194438
338,0.000508,0.194104
339,0.000336,0.194102
340,0.00048,0.193979
341,0.000857,0.192117
342,0.000959,0.194286
343,0.00064,0.194066
344,0.000627,0.194226
345,0.000703,0.194324
346,0.001211,0.192431
347,0.006129,0.19424
348,0.000506,0.194653
349,0.000444,0.193778
350,0.000809,0.193563
351,0.000765,0.193055
352,0.000963,0.194077
353,0.000835,0.191663
354,0.001154,0.193428
355,0.000735,0.192936
356,0.000723,0.193641
357,0.000817,0.193051
358,0.001028,0.194191
359,0.000634,0.193291
360,0.000894,0.192373
361,0.000886,0.193205
362,0.000685,0.191887
363,0.000638,0.192731
364,0.001236,0.192666
365,0.000638,0.192136
366,0.000489,0.19148
367,0.000526,0.192156
368,0.000679,0.191388
369,0.000957,0.192529
370,0.001427,0.192156
371,0.00046,0.191694
372,0.000489,0.19129
373,0.000567,0.192282
374,0.001119,0.193792
375,0.000553,0.192258
376,0.000275,0.192253
377,0.000364,0.191917
378,0.000323,0.191436
379,0.000562,0.190484
380,0.000892,0.190307
381,0.001032,0.19047
382,0.00112,0.191944
383,0.001769,0.191997
384,0.000549,0.190493
385,0.000248,0.189757
386,0.00049,0.18911
387,0.000738,0.189845
388,0.000739,0.189571
389,0.001864,0.194253
390,0.000698,0.18946
391,0.000691,0.190221
392,0.000952,0.189821
393,0.000602,0.189402
394,0.000615,0.189774
395,0.000622,0.191034
396,0.00119,0.190076
397,0.000771,0.189756
398,0.001042,0.1897
399,0.000452,0.189818
400,0.000347,0.19063
401,0.000788,0.189108
402,0.00094,0.19022
403,0.000684,0.188662
404,0.001044,0.189447
405,0.000885,0.189345
406,0.000867,0.188392
407,0.00103,0.18919
408,0.00068,0.189359
409,0.000562,0.189768
410,0.000435,0.189437
411,0.000658,0.1892
412,0.000922,0.18954
413,0.000487,0.189665
414,0.000574,0.188786
415,0.001112,0.189757
416,0.000658,0.188572
417,0.000695,0.188509
418,0.000701,0.189091
419,0.000515,0.188614
420,0.001141,0.187853
421,0.000501,0.189254
422,0.000394,0.187934
423,0.000875,0.187997
424,0.000687,0.187079
425,0.002028,0.186968
426,0.001019,0.188854
427,0.000326,0.187638
428,0.000385,0.187169
429,0.000803,0.187386
430,0.00065,0.187816
431,0.000433,0.18647
432,0.000623,0.187741
433,0.001456,0.187038
434,0.000361,0.186662
435,0.000492,0.187751
436,0.001886,0.187002
437,0.000921,0.18722
438,0.000207,0.187674
439,0.00026,0.187229
440,0.000726,0.186536
441,0.000424,0.187113
442,0.001271,0.187517
443,0.00127,0.18677
444,0.000484,0.188091
445,0.000588,0.18552
446,0.000991,0.18691
447,0.000607,0.186343
448,0.00054,0.187465
449,0.000606,0.18503
450,0.000731,0.185589
451,0.000828,0.187375
452,0.000721,0.186947
453,0.000672,0.185856
454,0.000324,0.185262
455,0.000949,0.187172
456,0.002496,0.18678
457,0.001975,0.187284
458,0.000265,0.186268
459,0.000392,0.185581
460,0.000788,0.184817
461,0.000671,0.183849
462,0.001012,0.185489
463,0.00098,0.186037
464,0.001036,0.185385
465,0.000422,0.185472
466,0.000354,0.186164
467,0.001459,0.185263
468,0.000401,0.186139
469,0.000853,0.185178
470,0.001203,0.185248
471,0.001049,0.185257
472,0.00074,0.185198
473,0.000493,0.185073
474,0.000933,0.184072
475,0.000418,0.184302
476,0.000458,0.185138
477,0.00095,0.185604
478,0.000809,0.18545
479,0.000845,0.183747
480,0.001751,0.183654
481,0.000542,0.18523
482,0.00153,0.185014
483,0.000481,0.185127
484,0.000531,0.183883
485,0.001429,0.182397
486,0.001333,0.184783
487,0.000735,0.184146
488,0.000313,0.183271
489,0.000783,0.184246
490,0.000924,0.184188
491,0.000583,0.183404
492,0.000709,0.18364
493,0.000252,0.184087
494,0.000695,0.183185
495,0.000319,0.184826
496,0.000434,0.184775
497,0.001012,0.182757
498,0.000355,0.183621
499,0.001472,0.182632
500,0.001362,0.18311
501,0.003892,0.1831
502,0.000423,0.18234
503,0.000257,0.183604
504,0.000294,0.183883
505,0.001574,0.182844
506,0.000371,0.183413
507,0.000169,0.182775
508,0.000489,0.18367
509,0.000363,0.182312
510,0.000518,0.181955
511,0.000839,0.182573
512,0.000798,0.182791
513,0.000711,0.183754
514,0.000641,0.18156
515,0.000871,0.18256
516,0.000513,0.18243
517,0.000458,0.182145
518,0.000507,0.182797
519,0.000937,0.182108
520,0.000484,0.181611
521,0.000607,0.181239
522,0.000894,0.182093
523,0.000554,0.182144
524,0.000776,0.182111
525,0.000441,0.181482
526,0.002024,0.182458
527,0.000924,0.182069
528,0.00322,0.182587
529,0.001739,0.181825
530,0.000739,0.181281
531,0.000711,0.182721
532,0.000229,0.182661
533,0.00054,0.180775
534,0.00345,0.181317
535,0.000762,0.181094
536,0.000241,0.182151
537,0.000646,0.180961
538,0.000496,0.182038
539,0.001255,0.182407
540,0.001868,0.182264
541,0.150724,0.18129
542,0.003977,0.18032
543,0.002013,0.179848
544,0.003231,0.181933
545,0.001331,0.182043
546,0.003318,0.181789
547,0.001146,0.180728
548,0.000895,0.180716
549,0.000903,0.180633
550,0.000566,0.180302
551,0.000964,0.181034
552,0.000699,0.180832
553,0.000679,0.180335
554,0.000405,0.180999
555,0.000486,0.180541
556,0.000478,0.181192
557,0.000418,0.180648
558,0.000577,0.18037
559,0.000295,0.180013
560,0.000395,0.179459
561,0.000632,0.179875
562,0.000438,0.179215
563,0.000454,0.179894
564,0.000257,0.179685
565,0.00053,0.180268
566,0.000515,0.181039
567,0.000369,0.181261
568,0.000381,0.179829
569,0.000457,0.18052
570,0.000298,0.180283
571,0.000617,0.179258
572,0.000309,0.178749
573,0.000219,0.179721
574,0.000365,0.178475
575,0.000374,0.178453
576,0.000219,0.179939
577,0.000355,0.179557
578,0.00035,0.178866
579,0.000209,0.179372
580,0.00036,0.178719
581,0.000165,0.178641
582,0.000248,0.178391
583,0.000295,0.178491
584,0.000346,0.178976
585,0.000392,0.179966
586,0.000278,0.179246
587,0.00031,0.180821
588,0.000149,0.17859
589,0.000289,0.179473
590,0.000437,0.177949
591,0.000347,0.178311
592,0.000243,0.178579
593,0.000214,0.178373
594,0.000312,0.1783
595,0.000472,0.178199
596,0.000489,0.177666
597,0.000406,0.178252
598,0.000167,0.178586
599,0.000269,0.178978
600,0.000303,0.178658
601,0.000148,0.177337
602,0.000316,0.178545
603,0.000446,0.179071
604,0.000737,0.178622
605,0.000259,0.17745
606,0.000182,0.17739
607,0.000209,0.177611
608,0.000387,0.177906
609,0.000198,0.177929
610,0.000201,0.179154
611,0.000168,0.177333
612,0.000273,0.177189
613,0.000537,0.178597
614,0.000494,0.17791
615,0.000268,0.177765
616,0.000295,0.176835
617,0.000237,0.177259
618,0.000535,0.178069
619,0.000355,0.178016
620,0.000783,0.177981
621,0.000239,0.176413
622,0.000144,0.17795
623,0.000364,0.177308
624,0.000444,0.176132
625,0.000548,0.177266
626,0.000524,0.176478
627,0.000371,0.177034
628,0.000257,0.176745
629,0.000182,0.175867
630,0.000166,0.176016
631,0.000477,0.1764
632,0.001093,0.175729
633,0.000436,0.176532
634,0.000181,0.176977
635,0.000266,0.176698
636,0.000438,0.176521
637,0.000414,0.178269
638,0.000489,0.175983
639,0.000421,0.176266
640,0.000492,0.17626
641,0.000566,0.177899
642,0.000818,0.176562
643,0.001015,0.175549
644,0.000338,0.175796
645,0.000224,0.177088
646,0.000242,0.174881
647,0.000503,0.176143
648,0.001185,0.174978
649,0.000229,0.17536
650,0.000088,0.175988
651,0.000355,0.176571
652,0.000838,0.175662
653,0.00381,0.17731
654,0.000706,0.176015
655,0.000737,0.177043
656,0.000319,0.175597
657,0.000282,0.174461
658,0.010885,0.175365
659,0.000635,0.175522
660,0.001163,0.174647
661,0.000236,0.175402
662,0.00028,0.175404
663,0.000272,0.175628
664,0.00025,0.17511
665,0.000275,0.174265
666,0.001436,0.17578
667,0.000477,0.174209
668,0.000262,0.175623
669,0.000156,0.174368
670,0.000286,0.174519
671,0.00069,0.17426
672,0.000308,0.173996
673,0.00055,0.175133
674,0.000262,0.17612
675,0.000932,0.175272
676,0.000243,0.175534
677,0.000098,0.174032
678,0.000369,0.17359
679,0.000775,0.175363
680,0.000524,0.174748
681,0.000516,0.174123
682,0.000698,0.174887
683,0.000698,0.175346
684,0.000527,0.174333
685,0.00036,0.174503
686,0.000516,0.174942
687,0.000434,0.174661
688,0.000528,0.174443
689,0.000869,0.174599
690,0.000324,0.174942
691,0.000129,0.17415
692,0.000142,0.174427
693,0.000284,0.172749
694,0.000419,0.174224
695,0.000619,0.175415
696,0.000494,0.174393
697,0.000828,0.173905
698,0.001294,0.172892
699,0.000269,0.174395
700,0.000455,0.17364
701,0.000169,0.173577
702,0.000516,0.174121
703,0.000724,0.174515
704,0.001047,0.173298
705,0.000386,0.173485
706,0.000668,0.173369
707,0.0007,0.175984
708,0.000956,0.174024
709,0.000529,0.173983
710,0.000277,0.173374
711,0.000401,0.173832
712,0.000296,0.173274
713,0.000308,0.172621
714,0.000757,0.173321
715,0.000751,0.173053
716,0.000657,0.173793
717,0.00205,0.173388
718,0.001913,0.174558
719,0.000183,0.174614
720,0.00015,0.173174
721,0.00013,0.172801
722,0.00031,0.172818
723,0.000333,0.173054
724,0.000284,0.17406
725,0.000398,0.17255
726,0.000484,0.173338
727,0.000969,0.172588
728,0.000409,0.174046
729,0.000572,0.172708
730,0.000972,0.172029
731,0.000149,0.173162
732,0.000227,0.173005
733,0.000446,0.173292
734,0.000588,0.172037
735,0.001014,0.173664
736,0.000593,0.172305
737,0.001298,0.173422
738,0.000539,0.172029
739,0.000317,0.172979
740,0.001112,0.172206
741,0.000634,0.17235
742,0.000613,0.172944
743,0.001127,0.171635
744,0.000221,0.17221
745,0.000381,0.171877
746,0.000543,0.172349
747,0.000523,0.17238
748,0.000312,0.172162
749,0.000406,0.171804
750,0.001613,0.171464
751,0.000652,0.171859
752,0.00029,0.172129
753,0.000225,0.171573
754,0.000175,0.172453
755,0.000545,0.170938
756,0.000886,0.172242
757,0.000587,0.172441
758,0.000457,0.171737
759,0.000447,0.171534
760,0.000595,0.17175
761,0.000476,0.171867
762,0.000728,0.173355
763,0.001925,0.170189
764,0.000359,0.172363
765,0.000307,0.171508
766,0.000265,0.16973
767,0.000643,0.171592
768,0.001072,0.169982
769,0.000274,0.171244
770,0.000426,0.171967
771,0.00016,0.171806
772,0.000429,0.17223
773,0.000379,0.172604
774,0.001059,0.171196
775,0.000815,0.170785
776,0.000318,0.170339
777,0.000333,0.171573
778,0.000541,0.171719
779,0.001021,0.17025
780,0.000465,0.17162
781,0.000164,0.170035
782,0.000329,0.171036
783,0.000259,0.170311
784,0.000505,0.170478
785,0.000387,0.171057
786,0.000514,0.171531
787,0.001375,0.171264
788,0.000799,0.170825
789,0.000125,0.170335
790,0.000249,0.170146
791,0.000303,0.171041
792,0.000244,0.170786
793,0.000296,0.169802
794,0.00032,0.170873
795,0.000306,0.170197
796,0.000503,0.16946
797,0.000901,0.171534
798,0.001047,0.170675
799,0.001031,0.169956
800,0.000442,0.17119
801,0.000166,0.170058
802,0.000873,0.169717
803,0.000396,0.169466
804,0.000488,0.169975
805,0.001511,0.169721
806,0.001075,0.169745
807,0.00045,0.17075
808,0.000178,0.169746
809,0.000899,0.170719
810,0.000268,0.169117
811,0.000131,0.17118
812,0.000195,0.170678
813,0.000618,0.170252
814,0.000386,0.169493
815,0.000501,0.170292
816,0.001418,0.16987
817,0.000982,0.169971
818,0.00015,0.170847
819,0.000408,0.169598
820,0.000371,0.168722
821,0.135684,0.169245
822,0.001817,0.168657
823,0.001342,0.169539
824,0.000781,0.170171
825,0.000594,0.169402
826,0.000706,0.168825
827,0.000679,0.168685
828,0.000524,0.169501
829,0.000497,0.169611
830,0.003726,0.169382
831,0.000431,0.169867
832,0.00062,0.168474
833,0.000349,0.168881
834,0.000321,0.169718
835,0.000438,0.168683
836,0.000301,0.169274
837,0.000447,0.168612
838,0.000443,0.168389
839,0.000351,0.169325
840,0.00028,0.168619
841,0.000514,0.168928
842,0.000302,0.169513
843,0.000167,0.169154
844,0.000136,0.168774
845,0.00017,0.169126
846,0.000171,0.168145
847,0.000284,0.169373
848,0.000256,0.168121
849,0.000204,0.169385
850,0.000216,0.168216
851,0.00016,0.168467
852,0.000195,0.168895
853,0.000178,0.168651
854,0.000192,0.168021
855,0.000348,0.168342
856,0.000092,0.168345
857,0.000218,0.16855
858,0.000187,0.168876
859,0.000355,0.168581
860,0.000143,0.168132
861,0.000278,0.168733
862,0.000544,0.170407
863,0.000324,0.167207
864,0.000173,0.167848
865,0.000239,0.168985
866,0.000475,0.167961
867,0.000218,0.16818
868,0.000198,0.167827
869,0.000125,0.167027
870,0.000173,0.168042
871,0.000202,0.167992
872,0.000117,0.167142
873,0.000173,0.16778
874,0.000197,0.168558
875,0.000287,0.167608
876,0.000212,0.168277
877,0.000133,0.168552
878,0.000171,0.167242
879,0.000174,0.16771
880,0.000262,0.166844
881,0.000359,0.167042
882,0.000222,0.166865
883,0.000276,0.169389
884,0.000245,0.166744
885,0.000132,0.166663
886,0.000151,0.168039
887,0.000158,0.167013
888,0.000184,0.16627
889,0.000354,0.166745
890,0.000286,0.167218
891,0.000128,0.166611
892,0.000524,0.167691
893,0.000303,0.167764
894,0.000183,0.16771
895,0.000675,0.16702
896,0.000182,0.167329
897,0.000193,0.168018
898,0.000229,0.166901
899,0.000109,0.167064
900,0.000147,0.166973
901,0.000081,0.16653
902,0.000394,0.167107
903,0.000457,0.1663
904,0.000338,0.166146
905,0.000433,0.166835
906,0.000342,0.167145
907,0.000121,0.167254
908,0.000112,0.167689
909,0.000217,0.166543
910,0.000824,0.167149
911,0.000512,0.166423
912,0.001261,0.167799
913,0.000222,0.167351
914,0.000071,0.165636
915,0.00017,0.16608
916,0.000132,0.167186
917,0.000359,0.168115
918,0.000531,0.166809
919,0.00022,0.166436
920,0.000185,0.167096
921,0.000619,0.165923
922,0.000187,0.167204
923,0.000153,0.16517
924,0.00056,0.165877
925,0.000639,0.166196
926,0.000764,0.165976
927,0.000185,0.166655
928,0.000109,0.165485
929,0.000165,0.165883
930,0.000246,0.165428
931,0.000413,0.166593
932,0.000631,0.166499
933,0.000314,0.165937
934,0.000269,0.167822
935,0.000531,0.166039
936,0.000908,0.166015
937,0.000392,0.164967
938,0.000382,0.165577
939,0.000101,0.166559
940,0.000377,0.167361
941,0.00031,0.165833
942,0.000681,0.165011
943,0.000507,0.164823
944,0.000085,0.165181
945,0.000212,0.166994
946,0.000671,0.165702
947,0.000156,0.16528
948,0.000327,0.165844
949,0.001074,0.165438
950,0.00011,0.164647
951,0.000205,0.165721
952,0.000773,0.165092
953,0.000761,0.166407
954,0.000182,0.166281
955,0.00016,0.167299
956,0.000136,0.165963
957,0.000135,0.166407
958,0.00034,0.165103
959,0.000587,0.165639
960,0.00067,0.165113
961,0.000286,0.166861
962,0.000422,0.165727
963,0.001379,0.165854
964,0.000196,0.164337
965,0.000211,0.166414
966,0.000076,0.165237
967,0.000292,0.16614
968,0.000644,0.164868
969,0.001074,0.16507
970,0.0005,0.165324
971,0.0002,0.164346
972,0.000118,0.165394
973,0.000268,0.164707
974,0.001759,0.164811
975,0.000658,0.164613
976,0.000531,0.165224
977,0.000539,0.165673
978,0.000429,0.164684
979,0.00027,0.163722
980,0.000481,0.164952
981,0.000725,0.164725
982,0.000232,0.164875
983,0.000279,0.164396
984,0.000318,0.164301
985,0.000288,0.16538
986,0.000783,0.164322
987,0.000355,0.163921
988,0.000256,0.164539
989,0.000456,0.164379
990,0.000763,0.164846
991,0.000533,0.165349
992,0.000392,0.164519
993,0.000163,0.164143
994,0.00017,0.164782
995,0.000804,0.165209
996,0.000825,0.163755
997,0.000872,0.163831
998,0.000325,0.165505
999,0.000516,0.164518
1000,0.00069,0.164327
1001,0.000608,0.16521
1002,0.000247,0.1648
1003,0.000299,0.163414
1004,0.000714,0.164279
1005,0.000321,0.16356
1006,0.00045,0.163722
1007,0.000507,0.163939
1008,0.000787,0.163942
1009,0.000561,0.165085
1010,0.000359,0.163856
1011,0.00008,0.163531
1012,0.000114,0.163643
1013,0.000367,0.1649
1014,0.0003,0.163166
1015,0.001463,0.164387
1016,0.000677,0.16377
1017,0.000096,0.16389
1018,0.000107,0.162835
1019,0.000248,0.165355
1020,0.000436,0.165137
1021,0.000311,0.163548
1022,0.000335,0.165062
1023,0.000436,0.162819
1024,0.000595,0.163847
1025,0.00186,0.163831
1026,0.000275,0.163555
1027,0.000069,0.164049
1028,0.00028,0.163403
1029,0.000081,0.164105
1030,0.000377,0.163581
1031,0.000893,0.164013
1032,0.000512,0.164094
1033,0.000259,0.163605
1034,0.000677,0.163115
1035,0.000567,0.164249
1036,0.000195,0.163257
1037,0.000685,0.163555
1038,0.000747,0.163606
1039,0.003064,0.16335
1040,0.000426,0.163752
1041,0.000093,0.165072
1042,0.00017,0.164498
1043,0.000097,0.163859
1044,0.000101,0.164421
1045,0.000321,0.164117
1046,0.000732,0.16302
1047,0.000488,0.164206
1048,0.000507,0.162402
1049,0.000297,0.163019
1050,0.000181,0.162989
1051,0.000317,0.162583
1052,0.000096,0.163616
1053,0.000288,0.16228
1054,0.002112,0.162792
1055,0.000355,0.163124
1056,0.000396,0.162722
1057,0.000179,0.162378
1058,0.000078,0.162728
1059,0.000184,0.163993
1060,0.000506,0.162613
1061,0.000638,0.163223
1062,0.000458,0.162673
1063,0.000345,0.162395
1064,0.000553,0.163013
1065,0.000819,0.162921
1066,0.000681,0.162099
1067,0.000196,0.16321
1068,0.000181,0.162415
1069,0.000884,0.163422
1070,0.000636,0.162457
1071,0.000215,0.161988
1072,0.000499,0.161043
1073,0.000687,0.162658
1074,0.000183,0.163895
1075,0.00051,0.162276
1076,0.000346,0.162407
1077,0.000428,0.163465
1078,0.000489,0.162106
1079,0.000179,0.161321
1080,0.000477,0.161636
1081,0.001114,0.163444
1082,0.000472,0.161807
1083,0.000085,0.162851
1084,0.000086,0.161688
1085,0.000375,0.162888
1086,0.00021,0.161997
1087,0.000995,0.162262
1088,0.000669,0.162875
1089,0.000648,0.163234
1090,0.000212,0.163591
1091,0.000224,0.162306
1092,0.000767,0.161393
1093,0.000562,0.162051
1094,0.001484,0.162413
1095,0.000247,0.161713
1096,0.000491,0.162052
1097,0.000166,0.162586
1098,0.000353,0.161768
1099,0.000185,0.161966
1100,0.000443,0.162092
1101,0.000211,0.161404
1102,0.001161,0.162112
1103,0.000978,0.161391
1104,0.000219,0.162139
1105,0.001528,0.161756
1106,0.000601,0.161544
1107,0.000265,0.163101
1108,0.000202,0.160821
1109,0.000195,0.161639
1110,0.000289,0.160535
1111,0.000492,0.161263
1112,0.000297,0.16224
1113,0.000337,0.161107
1114,0.000324,0.162428
1115,0.000216,0.162098
1116,0.000249,0.161317
1117,0.001516,0.161015
1118,0.000595,0.161659
1119,0.000243,0.160728
1120,0.000048,0.162286
1121,0.000214,0.16146
1122,0.000368,0.160076
1123,0.000201,0.16194
1124,0.000664,0.160834
1125,0.000666,0.16265
1126,0.000504,0.161991
1127,0.001076,0.160999
1128,0.00057,0.160522
1129,0.000663,0.160826
1130,0.000577,0.161397
1131,0.000292,0.161134
1132,0.000257,0.161505
1133,0.000227,0.160624
1134,0.000204,0.161492
1135,0.000224,0.160755
1136,0.001334,0.161577
1137,0.00056,0.161835
1138,0.00053,0.160392
1139,0.002425,0.16082
1140,0.002341,0.161022
1141,0.000067,0.161302
1142,0.000183,0.160178
1143,0.000361,0.161151
1144,0.000152,0.159638
1145,0.000062,0.161525
1146,0.000066,0.162043
1147,0.000062,0.161171
1148,0.000185,0.161435
1149,0.000178,0.160367
1150,0.000323,0.160674
1151,0.000256,0.160491
1152,0.000512,0.160932
1153,0.000262,0.160045
1154,0.000097,0.160217
1155,0.00018,0.160714
1156,0.000555,0.160208
1157,0.000121,0.161191
1158,0.000602,0.160939
1159,0.000425,0.16102
1160,0.000168,0.161312
1161,0.000426,0.160812
1162,0.00077,0.160011
1163,0.002184,0.159773
1164,0.000055,0.160192
1165,0.00007,0.161159
1166,0.000042,0.159588
1167,0.000063,0.161256
1168,0.000454,0.160248
1169,0.000175,0.160263
1170,0.000432,0.160958
1171,0.000564,0.159493
1172,0.000332,0.159602
1173,0.00018,0.160254
1174,0.000471,0.159854
1175,0.000568,0.160071
1176,0.000368,0.160128
1177,0.000278,0.159535
1178,0.000329,0.1604
1179,0.000952,0.159392
1180,0.000435,0.159597
1181,0.000311,0.160376
1182,0.00022,0.16165
1183,0.000179,0.159337
1184,0.000134,0.160375
1185,0.000352,0.159463
1186,0.000529,0.160062
1187,0.000455,0.160824
1188,0.000503,0.160534
1189,0.000239,0.159248
1190,0.000238,0.16061
1191,0.000246,0.160796
1192,0.00101,0.159919
1193,0.000556,0.159987
1194,0.000414,0.159474
1195,0.000829,0.160118
1196,0.000484,0.159748
1197,0.000298,0.160584
1198,0.000435,0.159703
1199,0.000206,0.159572
1200,0.000178,0.159048
1201,0.000553,0.159337
1202,0.000228,0.160235
1203,0.000099,0.158508
1204,0.000796,0.16092
1205,0.066693,0.159267
1206,0.004,0.159432
1207,0.000917,0.158792
1208,0.000435,0.159632
1209,0.000375,0.159215
1210,0.000332,0.159238
1211,0.00047,0.158505
1212,0.000287,0.15867
1213,0.000302,0.159734
1214,0.000343,0.159425
1215,0.000165,0.16
1216,0.000164,0.159165
1217,0.000212,0.15954
1218,0.000176,0.159585
1219,0.000212,0.158899
1220,0.000112,0.160065
1221,0.000082,0.159299
1222,0.000249,0.159259
1223,0.000083,0.158953
1224,0.000131,0.159387
1225,0.000152,0.158838
1226,0.000141,0.160091
1227,0.000261,0.159934
1228,0.000231,0.158145
1229,0.000181,0.159692
1230,0.00036,0.159737
1231,0.000125,0.159439
1232,0.000283,0.158494
1233,0.000166,0.158314
1234,0.004587,0.159497
1235,0.00036,0.159238
1236,0.000291,0.159784
1237,0.000184,0.157695
1238,0.000162,0.158425
1239,0.000126,0.158214
1240,0.000109,0.158452
1241,0.000204,0.158299
1242,0.005405,0.160039
1243,0.000408,0.159083
1244,0.00022,0.158726
1245,0.000158,0.15885
1246,0.000146,0.158413
1247,0.000105,0.159156
1248,0.000174,0.159014
1249,0.000202,0.15867
1250,0.000233,0.158453
1251,0.000312,0.159207
1252,0.000373,0.159308
1253,0.00009,0.158959
1254,0.000143,0.159199
1255,0.000126,0.15747
1256,0.000278,0.159602
1257,0.000129,0.159626
1258,0.00008,0.15978
1259,0.00014,0.158216
1260,0.0003,0.159292
1261,0.000118,0.158523
1262,0.000178,0.159088
1263,0.00009,0.158623
1264,0.000107,0.158014
1265,0.000232,0.158892
1266,0.000165,0.157758
1267,0.000121,0.157956
1268,0.000125,0.157492
1269,0.000128,0.157834
1270,0.000163,0.158525
1271,0.000254,0.159127
1272,0.000134,0.159306
1273,0.000162,0.15729
1274,0.000299,0.157945
1275,0.000187,0.158125
1276,0.000472,0.159157
1277,0.000333,0.157371
1278,0.000153,0.157661
1279,0.000135,0.158021
1280,0.000268,0.157915
1281,0.000414,0.15878
1282,0.000164,0.15784
1283,0.000163,0.157214
1284,0.000345,0.157961
1285,0.000197,0.157828
1286,0.000248,0.158767
1287,0.000377,0.157948
1288,0.000436,0.157773
1289,0.000111,0.158155
1290,0.000061,0.158322
1291,0.000282,0.157671
1292,0.000368,0.158186
1293,0.000338,0.157622
1294,0.000287,0.15702
1295,0.000467,0.15831
1296,0.000119,0.157399
1297,0.000184,0.157066
1298,0.000304,0.157865
1299,0.000302,0.157388
1300,0.000292,0.157676
1301,0.00016,0.157718
1302,0.000233,0.157821
1303,0.000649,0.157748
1304,0.000795,0.157821
1305,0.000221,0.157186
1306,0.00028,0.157975
1307,0.000093,0.157733
1308,0.000174,0.157305
1309,0.000102,0.157604
1310,0.000099,0.158971
1311,0.000595,0.158212
1312,0.000697,0.156734
1313,0.000148,0.157533
1314,0.000164,0.157807
1315,0.000381,0.157955
1316,0.000244,0.157353
1317,0.000351,0.157536
1318,0.000335,0.157388
1319,0.000586,0.15715
1320,0.000438,0.156685
1321,0.000571,0.156255
1322,0.000258,0.158152
1323,0.000566,0.157425
1324,0.000492,0.157923
1325,0.000118,0.157853
1326,0.0006,0.157743
1327,0.00028,0.157473
1328,0.000263,0.158249
1329,0.000258,0.157338
1330,0.000114,0.157669
1331,0.00058,0.157019
1332,0.000342,0.157438
1333,0.000261,0.157283
1334,0.000246,0.157057
1335,0.000087,0.156239
1336,0.000379,0.156312
1337,0.000408,0.157087
1338,0.001423,0.157196
1339,0.000302,0.156737
1340,0.000212,0.156131
1341,0.000361,0.156839
1342,0.000335,0.156711
1343,0.000394,0.15718
1344,0.00021,0.157331
1345,0.000275,0.157082
1346,0.000577,0.15667
1347,0.000148,0.157385
1348,0.000268,0.156241
1349,0.000281,0.156636
1350,0.000269,0.157431
1351,0.000373,0.15652
1352,0.000346,0.157198
1353,0.000341,0.156927
1354,0.000608,0.156505
1355,0.000373,0.157265
1356,0.0001,0.156646
1357,0.00017,0.156389
1358,0.000173,0.156179
1359,0.001002,0.156838
1360,0.001572,0.157057
1361,0.000224,0.157104
1362,0.000064,0.157319
1363,0.000106,0.156044
1364,0.000232,0.156202
1365,0.000383,0.156201
1366,0.000195,0.156179
1367,0.000067,0.15633
1368,0.000133,0.155699
1369,0.001176,0.156598
1370,0.000348,0.15649
1371,0.00022,0.157239
1372,0.000268,0.156537
1373,0.001605,0.156294
1374,0.000369,0.155467
1375,0.000282,0.157282
1376,0.000137,0.156439
1377,0.00033,0.156459
1378,0.000159,0.156471
1379,0.00016,0.1566
1380,0.000811,0.155976
1381,0.000062,0.156012
1382,0.0005,0.156315
1383,0.001145,0.157081
1384,0.000221,0.156803
1385,0.000412,0.156755
1386,0.000069,0.155874
1387,0.00021,0.156702
1388,0.000325,0.156022
1389,0.000325,0.155417
1390,0.000246,0.156374
1391,0.000322,0.156442
1392,0.000558,0.155749
1393,0.000233,0.155188
1394,0.000571,0.156256
1395,0.00047,0.154706
1396,0.000281,0.156445
1397,0.004673,0.156008
1398,0.000548,0.155697
1399,0.000075,0.157735
1400,0.000193,0.156279
1401,0.00022,0.156238
1402,0.000157,0.157027
1403,0.00029,0.15701
1404,0.00017,0.155735
1405,0.000229,0.156733
1406,0.000309,0.154599
1407,0.00021,0.155613
1408,0.000201,0.155584
1409,0.000137,0.156546
1410,0.000169,0.156646
1411,0.000281,0.156112
1412,0.000082,0.155813
1413,0.000604,0.154903
1414,0.000413,0.156844
1415,0.000201,0.155858
1416,0.00022,0.156264
1417,0.001312,0.157275
1418,0.000529,0.156663
1419,0.000117,0.155788
1420,0.000164,0.156249
1421,0.000215,0.157043
1422,0.000056,0.155883
1423,0.000166,0.156184
1424,0.00029,0.157003
1425,0.000907,0.155581
1426,0.001279,0.154863
1427,0.000202,0.155464
1428,0.000084,0.155879
1429,0.000264,0.155264
1430,0.000194,0.154563
1431,0.000122,0.154713
1432,0.000235,0.155324
1433,0.000329,0.155165
1434,0.000745,0.154956
1435,0.000513,0.15575
1436,0.000155,0.153781
1437,0.000525,0.155318
1438,0.000352,0.155875
1439,0.000239,0.155926
1440,0.000126,0.155345
1441,0.000083,0.155019
1442,0.000343,0.155366
1443,0.000943,0.154611
1444,0.00045,0.153893
1445,0.000456,0.155489
1446,0.000428,0.155854
1447,0.000239,0.155393
1448,0.000193,0.156611
1449,0.001247,0.156215
1450,0.000936,0.156018
1451,0.000392,0.154359
1452,0.000257,0.155117
1453,0.000115,0.155901
1454,0.000239,0.155739
1455,0.000503,0.155222
1456,0.000434,0.154924
1457,0.000188,0.155321
1458,0.000241,0.156157
1459,0.001611,0.155093
1460,0.000555,0.155177
1461,0.000153,0.154395
1462,0.000126,0.15628
1463,0.000093,0.154928
1464,0.000092,0.155406
1465,0.000121,0.154502
1466,0.000605,0.154965
1467,0.000346,0.155623
1468,0.000681,0.154171
1469,0.000685,0.153726
1470,0.000368,0.155061
1471,0.000527,0.156035
1472,0.001556,0.154302
1473,0.000498,0.154831
1474,0.000314,0.154288
1475,0.000464,0.154683
1476,0.000219,0.154677
1477,0.000259,0.154412
1478,0.000437,0.155731
1479,0.000475,0.154768
1480,0.000234,0.154109
1481,0.000469,0.154595
1482,0.000298,0.154398
1483,0.000264,0.154387
1484,0.000286,0.155031
1485,0.000238,0.155411
1486,0.000798,0.154802
1487,0.000233,0.154634
1488,0.000225,0.154325
1489,0.000329,0.154916
1490,0.000184,0.1552
1491,0.000221,0.154366
1492,0.000352,0.155103
1493,0.001024,0.15496
1494,0.000131,0.155374
1495,0.000424,0.154857
1496,0.000706,0.154812
1497,0.000435,0.154121
1498,0.000218,0.15424
1499,0.000197,0.154236
1500,0.000349,0.15348
1501,0.000226,0.154459
1502,0.00067,0.153743
1503,0.000345,0.155222
1504,0.000243,0.154944
1505,0.000282,0.154719
1506,0.000675,0.154205
1507,0.000389,0.15415
1508,0.000299,0.15399
1509,0.000309,0.154561
1510,0.000403,0.154041
1511,0.000676,0.153536
1512,0.000447,0.153757
1513,0.000147,0.152866
1514,0.000132,0.154593
1515,0.000205,0.154073
1516,0.000065,0.154228
1517,0.000293,0.153038
1518,0.00054,0.153515
1519,0.000906,0.154406
1520,0.000664,0.153826
1521,0.000427,0.154143
1522,0.000225,0.154152
1523,0.000093,0.153323
1524,0.000068,0.153892
1525,0.000046,0.154176
1526,0.000061,0.153132
1527,0.000463,0.154088
1528,0.001948,0.15515
1529,0.000433,0.154092
1530,0.0001,0.154045
1531,0.000089,0.153863
1532,0.000156,0.15351
1533,0.000114,0.154925
1534,0.000122,0.15384
1535,0.000201,0.153641
1536,0.000236,0.153189
1537,0.000401,0.153606
1538,0.000647,0.154368
1539,0.00045,0.154149
1540,0.001104,0.154192
1541,0.000116,0.154398
1542,0.000162,0.152811
1543,0.000137,0.154145
1544,0.000045,0.152983
1545,0.000048,0.154122
1546,0.000163,0.153111
1547,0.000391,0.153731
1548,0.000822,0.153745
1549,0.000252,0.153793
1550,0.000285,0.152228
1551,0.000132,0.153107
1552,0.000144,0.153226
1553,0.000337,0.152561
1554,0.000538,0.153936
1555,0.000547,0.154802
1556,0.000353,0.153361
1557,0.000052,0.153238
1558,0.00011,0.153316
1559,0.000284,0.153232
1560,0.00082,0.153475
1561,0.000124,0.152433
1562,0.000181,0.15265
1563,0.000861,0.153955
1564,0.001067,0.153844
1565,0.000095,0.152499
1566,0.000136,0.153847
1567,0.000257,0.152601
1568,0.000562,0.153461
1569,0.00338,0.153245
1570,0.000692,0.152433
1571,0.000546,0.152638
1572,0.000113,0.153438
1573,0.000028,0.154086
1574,0.000352,0.153333
1575,0.000071,0.153444
1576,0.000091,0.15373
1577,0.000673,0.152232
1578,0.000069,0.153144
1579,0.000067,0.152763
1580,0.00036,0.152146
1581,0.000404,0.152796
1582,0.000423,0.152623
1583,0.000059,0.152948
1584,0.002586,0.153457
1585,0.000254,0.153316
1586,0.000226,0.153407
1587,0.000374,0.152419
1588,0.000191,0.15347
1589,0.000075,0.152492
1590,0.00012,0.152702
1591,0.000136,0.152741
1592,0.0002,0.152711
1593,0.031664,0.153013
1594,0.000628,0.153923
1595,0.000465,0.153245
1596,0.000456,0.152861
1597,0.000168,0.152596
1598,0.000281,0.153676
1599,0.000256,0.152979
1600,0.000186,0.153553
1601,0.000089,0.153354
1602,0.000194,0.153336
1603,0.000182,0.15415
1604,0.000244,0.153408
1605,0.00006,0.152881
1606,0.000052,0.153214
1607,0.000097,0.153539
1608,0.000269,0.152349
1609,0.0001,0.152379
1610,0.00006,0.153195
1611,0.000055,0.153075
1612,0.000075,0.152934
1613,0.000248,0.152943
1614,0.000069,0.152541
1615,0.000123,0.152541
1616,0.000076,0.152375
1617,0.000067,0.153697
1618,0.00009,0.152323
1619,0.000065,0.153539
1620,0.000118,0.152719
1621,0.000114,0.152182
1622,0.000057,0.152443
1623,0.000042,0.153475
1624,0.000044,0.152567
1625,0.000102,0.152142
1626,0.000366,0.152642
1627,0.000098,0.152943
1628,0.000118,0.152276
1629,0.000099,0.152944
1630,0.000053,0.152256
1631,0.000047,0.152975
1632,0.000086,0.151619
1633,0.000169,0.151469
1634,0.000174,0.151923
1635,0.000272,0.152633
1636,0.000221,0.152549
1637,0.000321,0.152061
1638,0.000546,0.152135
1639,0.000136,0.152917
1640,0.000048,0.152613
1641,0.000065,0.151678
1642,0.000088,0.152895
1643,0.000107,0.152074
1644,0.000157,0.151758
1645,0.000334,0.151987
1646,0.000262,0.152942
1647,0.000157,0.151641
1648,0.000071,0.152119
1649,0.000281,0.151896
1650,0.000168,0.151986
1651,0.000176,0.152071
1652,0.000628,0.152
1653,0.000325,0.15202
1654,0.000122,0.152376
1655,0.00005,0.152912
1656,0.000112,0.151125
1657,0.000275,0.151037
1658,0.000153,0.152022
1659,0.000101,0.153529
1660,0.000091,0.151696
1661,0.000313,0.151713
1662,0.00071,0.152086
1663,0.000422,0.152617
1664,0.000121,0.152112
1665,0.000157,0.15256
1666,0.000279,0.152013
1667,0.000232,0.151394
1668,0.00012,0.151861
1669,0.000162,0.152927
1670,0.000177,0.151104
1671,0.000294,0.151261
1672,0.000755,0.151667
1673,0.000403,0.15314
1674,0.000165,0.151374
1675,0.000114,0.151855
1676,0.000138,0.152007
1677,0.000072,0.152089
1678,0.00013,0.15331
1679,0.000678,0.151277
1680,0.000505,0.151939
1681,0.000259,0.151659
1682,0.000128,0.152161
1683,0.000219,0.152538
1684,0.000443,0.151967
1685,0.002369,0.152347
1686,0.000186,0.151969
1687,0.00023,0.151579
1688,0.000121,0.152257
1689,0.000079,0.15123
1690,0.000206,0.150975
1691,0.000102,0.151513
1692,0.000126,0.151606
1693,0.00085,0.151669
1694,0.000476,0.15173
1695,0.00013,0.152304
1696,0.000309,0.151239
1697,0.000089,0.150965
1698,0.000155,0.151716
1699,0.000186,0.151598
1700,0.000317,0.152124
1701,0.000092,0.151527
1702,0.000618,0.150948
1703,0.000488,0.151095
1704,0.000086,0.151304
1705,0.000191,0.151797
1706,0.000182,0.150998
1707,0.000272,0.151706
1708,0.000814,0.151821
1709,0.000278,0.151065
1710,0.00032,0.151617
1711,0.000111,0.151138
1712,0.000358,0.151034
1713,0.000228,0.151552
1714,0.000385,0.151826
1715,0.000267,0.15097
1716,0.000083,0.151342
1717,0.000179,0.152057
1718,0.000213,0.15214
1719,0.000219,0.151202
1720,0.000806,0.151446
1721,0.00033,0.15124
1722,0.000152,0.152092
1723,0.000329,0.152473
1724,0.000263,0.150383
1725,0.000315,0.151337
1726,0.000589,0.150311
1727,0.000296,0.151714
1728,0.000249,0.150664
1729,0.000305,0.151813
1730,0.000307,0.150384
1731,0.000089,0.150853
1732,0.000107,0.151039
1733,0.000378,0.150629
1734,0.000861,0.151708
1735,0.000457,0.152185
1736,0.00022,0.150397
1737,0.000235,0.150353
1738,0.000069,0.151042
1739,0.000056,0.150933
1740,0.000089,0.150676
1741,0.001399,0.151205
1742,0.00084,0.150872
1743,0.000081,0.151901
1744,0.000091,0.150882
1745,0.000141,0.150847
1746,0.00018,0.150368
1747,0.000314,0.151684
1748,0.000084,0.151089
1749,0.000081,0.151822
1750,0.000959,0.150912
1751,0.001148,0.151084
1752,0.000341,0.151116
1753,0.000225,0.151419
1754,0.000084,0.150741
1755,0.000108,0.151038
1756,0.000073,0.151069
1757,0.000342,0.150189
1758,0.001382,0.151427
1759,0.000052,0.151885
1760,0.000042,0.150972
1761,0.000062,0.150904
1762,0.000109,0.151507
1763,0.000383,0.150649
1764,0.000945,0.151325
1765,0.000704,0.151791
1766,0.000245,0.150095
1767,0.00014,0.149812
1768,0.000072,0.150748
1769,0.000044,0.150348
1770,0.000091,0.150056
1771,0.000622,0.150199
1772,0.000587,0.150199
1773,0.000085,0.150172
1774,0.000088,0.151125
1775,0.000058,0.150561
1776,0.000087,0.14914
1777,0.000165,0.149735
1778,0.000514,0.151065
1779,0.000804,0.149321
1780,0.000403,0.150143
1781,0.000076,0.150849
1782,0.000075,0.150221
1783,0.000685,0.149741
1784,0.000524,0.150025
1785,0.00019,0.150731
1786,0.000122,0.150789
1787,0.000313,0.150321
1788,0.000233,0.150809
1789,0.000692,0.1505
1790,0.001133,0.150453
1791,0.000059,0.150055
1792,0.000021,0.150661
1793,0.000339,0.150359
1794,0.000868,0.151464
1795,0.000632,0.150348
1796,0.000115,0.14987
1797,0.000359,0.150302
1798,0.000577,0.150193
1799,0.000119,0.149118
1800,0.000115,0.150373
1801,0.000279,0.150358
1802,0.000181,0.149806
1803,0.000216,0.15056
1804,0.000372,0.150183
1805,0.000574,0.14879
1806,0.000292,0.149025
1807,0.000187,0.149311
1808,0.000128,0.149671
1809,0.000158,0.150502
1810,0.000318,0.150645
1811,0.000414,0.149515
1812,0.000377,0.150458
1813,0.000132,0.149985
1814,0.000071,0.150045
1815,0.000247,0.149537
1816,0.001098,0.149287
1817,0.000426,0.150532
1818,0.000298,0.150677
1819,0.000626,0.150133
1820,0.000162,0.149851
1821,0.000085,0.150328
1822,0.002933,0.149896
1823,0.000088,0.150219
1824,0.000118,0.149601
1825,0.000236,0.149696
1826,0.000511,0.150451
1827,0.000401,0.150414
1828,0.000117,0.149747
1829,0.000252,0.149895
1830,0.000298,0.150434
1831,0.008679,0.150325
1832,0.000426,0.149984
1833,0.000247,0.149272
1834,0.000144,0.149972
1835,0.00004,0.149629
1836,0.00004,0.149746
1837,0.000043,0.149214
1838,0.000034,0.149905
1839,0.000451,0.150259
1840,0.000057,0.149943
1841,0.000261,0.150162
1842,0.000088,0.150347
1843,0.000121,0.149707
1844,0.000126,0.15001
1845,0.000534,0.148827
1846,0.000099,0.149699
1847,0.0008,0.149156
1848,0.000179,0.149092
1849,0.000243,0.149411
1850,0.000131,0.148636
1851,0.000101,0.149382
1852,0.00025,0.149012
1853,0.000253,0.149134
1854,0.000227,0.149999
1855,0.00004,0.1507
1856,0.000038,0.149543
1857,0.000048,0.149248
1858,0.000197,0.149473
1859,0.000299,0.150101
1860,0.000844,0.148728
1861,0.000448,0.149535
1862,0.000286,0.149429
1863,0.000038,0.150134
1864,0.000054,0.150073
1865,0.000072,0.1497
1866,0.000112,0.150652
1867,0.000512,0.149792
1868,0.000467,0.14853
1869,0.000532,0.149038
1870,0.000323,0.150194
1871,0.00057,0.149563
1872,0.000075,0.149752
1873,0.000246,0.150234
1874,0.000164,0.150005
1875,0.000152,0.149695
1876,0.000507,0.150805
1877,0.000382,0.148965
1878,0.002384,0.15026
1879,0.00017,0.149233
1880,0.000066,0.149867
1881,0.000389,0.148453
1882,0.000222,0.149508
1883,0.000072,0.150495
1884,0.000123,0.149665
1885,0.000129,0.14999
1886,0.000217,0.148649
1887,0.000348,0.149214
1888,0.002892,0.150865
1889,0.0001,0.149423
1890,0.000078,0.149298
1891,0.000063,0.149481
1892,0.000027,0.149364
1893,0.000035,0.150035
1894,0.000127,0.150249
1895,0.000394,0.149832
1896,0.000395,0.149243
1897,0.000557,0.149796
1898,0.000096,0.148776
1899,0.000063,0.149509
1900,0.000074,0.148619
1901,0.000071,0.148822
1902,0.000057,0.149685
1903,0.000129,0.149144
1904,0.001522,0.149242
1905,0.000256,0.148996
1906,0.000146,0.149526
1907,0.000121,0.148359
1908,0.000053,0.149572
1909,0.000093,0.149019
1910,0.000382,0.148884
1911,0.00053,0.149369
1912,0.000228,0.149413
1913,0.000362,0.149549
1914,0.00024,0.148642
1915,0.000362,0.149347
1916,0.000233,0.148759
1917,0.000265,0.149355
1918,0.000389,0.149426
1919,0.000415,0.148598
1920,0.000097,0.149095
1921,0.00013,0.148528
1922,0.000801,0.150229
1923,0.000367,0.148441
1924,0.000087,0.14868
1925,0.000074,0.148335
1926,0.00015,0.149007
1927,0.000539,0.1483
1928,0.000634,0.149627
1929,0.000232,0.148994
1930,0.000074,0.148795
1931,0.000044,0.148835
1932,0.000069,0.148613
1933,0.000293,0.149133
1934,0.000594,0.147927
1935,0.000476,0.147953
1936,0.00022,0.149391
1937,0.000218,0.148573
1938,0.000514,0.148651
1939,0.000268,0.148611
1940,0.000062,0.147386
1941,0.000106,0.148608
1942,0.000693,0.149038
1943,0.000251,0.149357
1944,0.001123,0.148705
1945,0.000108,0.148673
1946,0.00007,0.148809
1947,0.000143,0.148225
1948,0.001753,0.149186
1949,0.000261,0.149034
1950,0.000293,0.148208
1951,0.000072,0.148866
1952,0.000036,0.14851
1953,0.000149,0.147364
1954,0.000138,0.148468
1955,0.000517,0.147824
1956,0.000267,0.148002
1957,0.000884,0.14803
1958,0.000155,0.147106
1959,0.000213,0.148136
1960,0.000295,0.14835
1961,0.000133,0.148144
1962,0.000097,0.147708
1963,0.000077,0.148081
1964,0.000254,0.148317
1965,0.000605,0.148259
1966,0.000218,0.148128
1967,0.000872,0.149035
1968,0.001187,0.147746
1969,0.000335,0.148139
1970,0.000041,0.148862
1971,0.000064,0.148344
1972,0.000052,0.148163
1973,0.00027,0.148744
1974,0.000207,0.147975
1975,0.000573,0.148486
1976,0.000198,0.148357
1977,0.001013,0.147443
1978,0.000283,0.148272
1979,0.00097,0.148694
1980,0.000073,0.147751
1981,0.000043,0.147762
1982,0.000027,0.148142
1983,0.000063,0.14804
1984,0.000269,0.147328
1985,0.000346,0.148336
1986,0.000475,0.147323
1987,0.000213,0.147644
1988,0.000086,0.147814
1989,0.000312,0.148311
1990,0.000212,0.147043
1991,0.000571,0.149213
1992,0.00072,0.147503
1993,0.000156,0.147729
1994,0.00013,0.149221
1995,0.000106,0.147574
1996,0.000104,0.149383
1997,0.00041,0.1486
1998,0.000382,0.14899
1999,0.000844,0.147404
2000,0.000304,0.147168
2001,0.000187,0.147329
2002,0.000121,0.14672
2003,0.000176,0.147536
2004,0.000203,0.149051
2005,0.000357,0.147265
2006,0.000257,0.147951
2007,0.000141,0.146978
2008,0.00025,0.147228
2009,0.000709,0.147816
2010,0.000607,0.148119
2011,0.000091,0.147845
2012,0.000067,0.14844
2013,0.000208,0.147749
2014,0.000332,0.147943
2015,0.000345,0.148219
2016,0.000263,0.147914
2017,0.000316,0.14834
2018,0.000309,0.148804
2019,0.00035,0.14828
2020,0.00023,0.147276
2021,0.000583,0.147235
2022,0.000369,0.147653
2023,0.000423,0.147721
2024,0.000618,0.146547
2025,0.000354,0.147985
2026,0.000197,0.147727
2027,0.000178,0.147022
2028,0.000185,0.148028
2029,0.000128,0.146812
2030,0.000165,0.147772
2031,0.000195,0.146914
2032,0.000289,0.146963
2033,0.00032,0.147525
2034,0.000653,0.147732
2035,0.000975,0.148029
2036,0.000214,0.146945
2037,0.000076,0.148154
2038,0.000038,0.147772
2039,0.000159,0.147268
2040,0.000516,0.146978
2041,0.000415,0.146873
2042,0.000278,0.147631
2043,0.000125,0.1477
2044,0.000252,0.146478
2045,0.00037,0.147557
2046,0.000608,0.147784
2047,0.000944,0.148258
2048,0.000177,0.148018
2049,0.000103,0.148149
2050,0.000051,0.148431
2051,0.000025,0.147846
2052,0.000079,0.147279
2053,0.001262,0.148302
2054,0.000413,0.147981
2055,0.000051,0.147071
2056,0.000029,0.147032
2057,0.000068,0.148254
2058,0.000299,0.146991
2059,0.00013,0.147896
2060,0.000274,0.147625
2061,0.000121,0.147315
2062,0.000487,0.147287
2063,0.00098,0.14812
2064,0.000114,0.147938
2065,0.000101,0.146627
2066,0.000106,0.14664
2067,0.000077,0.147034
2068,0.000125,0.147708
2069,0.000413,0.148028
2070,0.000717,0.148223
2071,0.000321,0.146495
2072,0.000171,0.147736
2073,0.000048,0.148848
2074,0.000305,0.147829
2075,0.001077,0.147771
2076,0.000428,0.147022
2077,0.000076,0.148143
2078,0.000232,0.147269
2079,0.000426,0.14805
2080,0.000187,0.148472
2081,0.000079,0.147428
2082,0.000141,0.147335
2083,0.000449,0.146939
2084,0.000651,0.147588
2085,0.000384,0.146543
2086,0.000276,0.146811
2087,0.000388,0.147724
2088,0.000334,0.147316
2089,0.000135,0.14625
2090,0.000168,0.147288
2091,0.000337,0.147121
2092,0.000512,0.148022
2093,0.000328,0.147878
2094,0.000383,0.147422
2095,0.000091,0.147554
2096,0.000257,0.147036
2097,0.000354,0.14693
2098,0.000623,0.147126
2099,0.000272,0.147494
2100,0.000484,0.146869
2101,0.000362,0.147589
2102,0.000089,0.147781
2103,0.00015,0.146565
2104,0.000297,0.147819
2105,0.000274,0.146877
2106,0.000489,0.146665
2107,0.000274,0.145957
2108,0.000092,0.147776
2109,0.000175,0.147305
2110,0.000943,0.147534
2111,0.071494,0.147625
2112,0.00034,0.147317
2113,0.000428,0.147676
2114,0.000323,0.147805
2115,0.000111,0.146813
2116,0.00022,0.146896
2117,0.000127,0.146859
2118,0.000133,0.145571
2119,0.000167,0.147221
2120,0.000073,0.146379
2121,0.000093,0.146719
2122,0.000043,0.146018
2123,0.000102,0.146361
2124,0.000098,0.146352
2125,0.000101,0.147207
2126,0.000094,0.146389
2127,0.000131,0.147403
2128,0.000044,0.146312
2129,0.000078,0.147133
2130,0.000166,0.14656
2131,0.000094,0.14624
2132,0.000099,0.146221
2133,0.000047,0.14658
2134,0.000049,0.146514
2135,0.000054,0.146794
2136,0.000039,0.14699
2137,0.000033,0.1476
2138,0.000035,0.146989
2139,0.000036,0.147026
2140,0.000058,0.146575
2141,0.000039,0.146506
2142,0.000068,0.146454
2143,0.000098,0.146408
2144,0.000026,0.146617
2145,0.000039,0.146887
2146,0.00005,0.146115
2147,0.000034,0.146878
2148,0.000088,0.146464
2149,0.000028,0.147048
2150,0.000094,0.146676
2151,0.000127,0.146032
2152,0.000045,0.146219
2153,0.000113,0.145775
2154,0.000091,0.146056
2155,0.000028,0.145485
2156,0.00007,0.146922
2157,0.000023,0.146397
2158,0.000028,0.146094
2159,0.00006,0.147008
2160,0.000115,0.145925
2161,0.000175,0.14644
2162,0.000034,0.146439
2163,0.000073,0.146212
2164,0.000127,0.146671
2165,0.000046,0.145972
2166,0.000107,0.146979
2167,0.000059,0.147076
2168,0.000027,0.14607
2169,0.000057,0.147287
2170,0.000065,0.146665
2171,0.000033,0.146543
2172,0.000103,0.145661
2173,0.000028,0.145778
2174,0.000059,0.146215
2175,0.000049,0.14597
2176,0.00003,0.146583
2177,0.000133,0.146508
2178,0.000046,0.145833
2179,0.000087,0.145437
2180,0.000077,0.145949
2181,0.000059,0.145838
2182,0.000058,0.145457
2183,0.00008,0.146886
2184,0.000081,0.146114
2185,0.000052,0.146701
2186,0.000085,0.146314
2187,0.000089,0.146927
2188,0.000098,0.146186
2189,0.000203,0.145547
2190,0.000085,0.145646
2191,0.000112,0.146702
2192,0.000027,0.145079
2193,0.000257,0.145938
2194,0.000392,0.145641
2195,0.000059,0.146305
2196,0.000017,0.146192
2197,0.00016,0.146652
2198,0.000082,0.146393
2199,0.000221,0.146565
2200,0.000135,0.145408
2201,0.000077,0.145522
2202,0.000116,0.14615
2203,0.00014,0.145561
2204,0.000218,0.146342
2205,0.00012,0.146643
2206,0.00025,0.146207
2207,0.00018,0.146321
2208,0.000109,0.146176
2209,0.000088,0.146203
2210,0.000205,0.145401
2211,0.000091,0.147086
2212,0.000185,0.145512
2213,0.000238,0.14598
2214,0.000126,0.146377
2215,0.000189,0.145011
2216,0.000124,0.14646
2217,0.000183,0.146421
2218,0.000207,0.146631
2219,0.000162,0.145995
2220,0.000205,0.14603
2221,0.000321,0.145411
2222,0.000075,0.145713
2223,0.000034,0.145836
2224,0.000157,0.145167
2225,0.002924,0.146405
2226,0.000066,0.145164
2227,0.000124,0.145462
2228,0.000062,0.145747
2229,0.000501,0.146494
2230,0.000192,0.146062
2231,0.000056,0.145832
2232,0.000042,0.145524
2233,0.000257,0.144496
2234,0.000345,0.145893
2235,0.000167,0.146663
2236,0.000258,0.145673
2237,0.000301,0.145801
2238,0.000074,0.147024
2239,0.000039,0.145958
2240,0.000105,0.145822
2241,0.000415,0.146125
2242,0.000098,0.145748
2243,0.000099,0.145366
2244,0.000369,0.145676
2245,0.000357,0.146182
2246,0.000308,0.145603
2247,0.000383,0.145565
2248,0.000054,0.14558
2249,0.000079,0.14491
2250,0.000263,0.145903
2251,0.00034,0.145148
2252,0.000171,0.145141
2253,0.000191,0.146036
2254,0.000247,0.145336
2255,0.000417,0.145451
2256,0.000355,0.145974
2257,0.000207,0.144962
2258,0.000188,0.145242
2259,0.000153,0.146308
2260,0.000208,0.145174
2261,0.00069,0.145543
2262,0.000301,0.145426
2263,0.000141,0.144725
2264,0.000157,0.145489
2265,0.000397,0.144579
2266,0.000286,0.145539
2267,0.000115,0.145425
2268,0.000341,0.146223
2269,0.00043,0.145302
2270,0.000219,0.145018
2271,0.000152,0.14537
2272,0.000151,0.144884
2273,0.00013,0.144913
2274,0.000164,0.145894
2275,0.000262,0.145972
2276,0.000696,0.145488
2277,0.000442,0.144667
2278,0.000807,0.145188
2279,0.000095,0.144269
2280,0.0001,0.145073
2281,0.000192,0.144906
2282,0.000751,0.145722
2283,0.000186,0.145825
2284,0.000074,0.145389
2285,0.000104,0.145578
2286,0.000108,0.145775
2287,0.000271,0.144487
2288,0.000588,0.145048
2289,0.000329,0.145913
2290,0.000116,0.145032
2291,0.000181,0.144968
2292,0.000117,0.145584
2293,0.000304,0.145619
2294,0.00042,0.145709
2295,0.001134,0.145404
2296,0.000219,0.144875
2297,0.000049,0.145478
2298,0.000021,0.145567
2299,0.000028,0.145422
2300,0.000142,0.144875
2301,0.000092,0.144531
2302,0.000236,0.144687
2303,0.000925,0.145502
2304,0.000903,0.145166
2305,0.000035,0.144561
2306,0.000036,0.145302
2307,0.000047,0.144267
2308,0.000093,0.144409
2309,0.000275,0.14489
2310,0.000204,0.144522
2311,0.0001,0.14507
2312,0.00021,0.145288
2313,0.000201,0.144114
2314,0.00079,0.145723
2315,0.000176,0.145547
2316,0.000051,0.144379
2317,0.000099,0.145231
2318,0.0002,0.145174
2319,0.000315,0.144301
2320,0.000082,0.145032
2321,0.000316,0.145658
2322,0.000809,0.14449
2323,0.00043,0.145389
2324,0.000107,0.145843
2325,0.000337,0.144721
2326,0.000112,0.145579
2327,0.000087,0.14452
2328,0.000075,0.144747
2329,0.00019,0.145649
2330,0.000404,0.145767
2331,0.000312,0.14507
2332,0.000287,0.145289
2333,0.00011,0.145046
2334,0.000125,0.144052
2335,0.000065,0.144902
2336,0.000633,0.145557
2337,0.000629,0.144226
2338,0.000257,0.144901
2339,0.000079,0.144569
2340,0.000021,0.144988
2341,0.000171,0.145338
2342,0.000785,0.144721
2343,0.000247,0.145513
2344,0.000139,0.144783
2345,0.00012,0.14475
2346,0.000508,0.145336
2347,0.000348,0.145225
2348,0.000149,0.144446
2349,0.000224,0.144205
2350,0.000125,0.144274
2351,0.000171,0.144906
2352,0.000559,0.144606
2353,0.000483,0.144975
2354,0.000083,0.144638
2355,0.000033,0.14466
2356,0.000166,0.14482
2357,0.000436,0.144237
2358,0.000435,0.1448
2359,0.000711,0.144399
2360,0.000376,0.144187
2361,0.000142,0.14553
2362,0.000073,0.144811
2363,0.000085,0.144349
2364,0.000083,0.144624
2365,0.000107,0.144801
2366,0.000419,0.144663
2367,0.000945,0.144421
2368,0.000091,0.144591
2369,0.000065,0.144755
2370,0.000093,0.144634
2371,0.000096,0.144576
2372,0.000256,0.144052
2373,0.000431,0.144452
2374,0.000157,0.145523
2375,0.000219,0.145668
2376,0.000224,0.145128
2377,0.000404,0.145366
2378,0.00021,0.144712
2379,0.000511,0.144308
2380,0.000642,0.143931
2381,0.000223,0.144239
2382,0.000253,0.144472
2383,0.000196,0.144386
2384,0.000188,0.145016
2385,0.000224,0.145301
2386,0.00045,0.14443
2387,0.000321,0.144087
2388,0.000378,0.144926
2389,0.00011,0.144113
2390,0.000058,0.144891
2391,0.000439,0.144013
2392,0.00065,0.144309
2393,0.000156,0.143298
2394,0.000261,0.143697
2395,0.000475,0.144588
2396,0.000256,0.144652
2397,0.000153,0.144764
2398,0.000072,0.143789
2399,0.000186,0.143553
2400,0.000288,0.145527
2401,0.000194,0.144552
2402,0.000356,0.144499
2403,0.000654,0.145183
2404,0.000178,0.144024
2405,0.000061,0.14336
2406,0.000289,0.144047
2407,0.000674,0.144205
2408,0.000675,0.144268
2409,0.000222,0.14411
2410,0.000229,0.144347
2411,0.000129,0.144345
2412,0.000059,0.144812
2413,0.000118,0.144924
2414,0.000346,0.144489
2415,0.000314,0.144216
2416,0.000179,0.144526
2417,0.000194,0.144647
2418,0.000163,0.145665
2419,0.000207,0.144874
2420,0.000605,0.145406
2421,0.000519,0.14426
2422,0.000328,0.143842
2423,0.000451,0.143312
2424,0.000531,0.143752
2425,0.000442,0.144104
2426,0.000146,0.145058
2427,0.000104,0.143887
2428,0.000133,0.143164
2429,0.000126,0.143792
2430,0.000192,0.143703
2431,0.000647,0.143873
2432,0.000165,0.143254
2433,0.000107,0.143127
2434,0.00042,0.14355
2435,0.000422,0.143507
2436,0.000345,0.143665
2437,0.000231,0.143391
2438,0.000136,0.144831
2439,0.00008,0.143451
2440,0.000244,0.143249
2441,0.000363,0.143117
2442,0.000395,0.144139
2443,0.000182,0.145037
2444,0.000118,0.144005
2445,0.000311,0.143747
2446,0.000487,0.143952
2447,0.000406,0.143919
2448,0.000635,0.144202
2449,0.000172,0.144784
2450,0.000032,0.144286
2451,0.000084,0.143348
2452,0.000141,0.143601
2453,0.000347,0.143801
2454,0.000398,0.144508
2455,0.000256,0.143424
2456,0.0008,0.143613
2457,0.000396,0.144241
2458,0.000024,0.144617
2459,0.000166,0.143432
2460,0.000184,0.144781
2461,0.000235,0.144319
2462,0.000401,0.144839
2463,0.000393,0.144055
2464,0.000503,0.144173
2465,0.000149,0.144122
2466,0.000235,0.143961
2467,0.000515,0.144513
2468,0.000147,0.144793
2469,0.000234,0.143971
2470,0.000812,0.144113
2471,0.000106,0.144097
2472,0.000368,0.144263
2473,0.000209,0.143805
2474,0.000117,0.143314
2475,0.000117,0.144366
2476,0.000092,0.144478
2477,0.000087,0.143941
2478,0.000217,0.143875
2479,0.000712,0.144643
2480,0.000551,0.144265
2481,0.000244,0.143777
2482,0.000091,0.143081
2483,0.000025,0.143861
2484,0.000021,0.144101
2485,0.000068,0.143527
2486,0.000308,0.143661
2487,0.00077,0.142993
2488,0.000356,0.14401
2489,0.000069,0.143168
2490,0.000039,0.144105
2491,0.000172,0.144156
2492,0.000392,0.143809
2493,0.000655,0.143443
2494,0.000317,0.143857
2495,0.000069,0.14397
2496,0.000236,0.144157
2497,0.000288,0.143493
2498,0.000494,0.143631
2499,0.000661,0.143121
2500,0.000127,0.142558
2501,0.000187,0.143355
2502,0.000214,0.143339
2503,0.000062,0.143639
2504,0.000032,0.143702
2505,0.000174,0.144022
2506,0.000163,0.143919
2507,0.000371,0.143826
2508,0.000693,0.143644
2509,0.000112,0.14349
2510,0.000099,0.143069
2511,0.000088,0.143189
2512,0.000239,0.144084
2513,0.000586,0.14319
2514,0.003601,0.143181
2515,0.000275,0.143098
2516,0.000076,0.143603
2517,0.000384,0.143204
2518,0.000107,0.144018
2519,0.00012,0.143592
2520,0.00019,0.14412
2521,0.00006,0.144332
2522,0.000043,0.143291
2523,0.000141,0.142434
2524,0.000149,0.143369
2525,0.000218,0.143761
2526,0.000081,0.142792
2527,0.000155,0.143596
2528,0.001824,0.142823
2529,0.001571,0.142448
2530,0.000039,0.14304
2531,0.000067,0.143188
2532,0.000042,0.14284
2533,0.00004,0.143938
2534,0.000034,0.143436
2535,0.000051,0.14244
2536,0.000065,0.14329
2537,0.000061,0.14304
2538,0.000124,0.143033
2539,0.00007,0.142706
2540,0.00017,0.142854
2541,0.000125,0.143328
2542,0.000134,0.143214
2543,0.000193,0.14362
2544,0.000056,0.143306
2545,0.0118,0.14452
2546,0.000355,0.143028
2547,0.000046,0.143147
2548,0.000095,0.143173
2549,0.000222,0.143729
2550,0.000084,0.143213
2551,0.000053,0.142846
2552,0.000102,0.143026
2553,0.000138,0.143449
2554,0.000065,0.143243
2555,0.000164,0.1435
2556,0.000058,0.142688
2557,0.000037,0.142845
2558,0.000043,0.142905
2559,0.000072,0.142178
2560,0.000087,0.143279
2561,0.000035,0.1434
2562,0.000058,0.142213
2563,0.000057,0.144356
2564,0.000026,0.143666
2565,0.00002,0.142973
2566,0.000026,0.142872
2567,0.000079,0.143661
2568,0.00053,0.142024
2569,0.000026,0.142924
2570,0.000045,0.142719
2571,0.000024,0.142216
2572,0.000076,0.142164
2573,0.00006,0.143198
2574,0.000236,0.143134
2575,0.000135,0.142121
2576,0.000103,0.142519
2577,0.000043,0.143032
2578,0.000532,0.143047
2579,0.000128,0.142908
2580,0.000168,0.142837
2581,0.00017,0.14265
2582,0.000173,0.142723
2583,0.000228,0.142493
2584,0.000046,0.142697
2585,0.000029,0.142692
2586,0.000031,0.14237
2587,0.000097,0.142745
2588,0.000172,0.142767
2589,0.000235,0.143027
2590,0.001005,0.143973
2591,0.000629,0.143825
2592,0.000036,0.142222
2593,0.000034,0.142127
2594,0.000023,0.142757
2595,0.000027,0.142772
2596,0.0001,0.143318
2597,0.000176,0.142943
2598,0.000096,0.143194
2599,0.000842,0.143033
2600,0.00016,0.142904
2601,0.000059,0.14335
2602,0.000167,0.142531
2603,0.000301,0.142684
2604,0.000173,0.142856
2605,0.000519,0.142957
2606,0.000538,0.14239
2607,0.000323,0.142634
2608,0.000058,0.143183
2609,0.00004,0.143219
2610,0.000094,0.143767
2611,0.000193,0.142377
2612,0.000548,0.143382
2613,0.000541,0.142663
2614,0.000055,0.14253
2615,0.000021,0.1423
2616,0.000042,0.142873
2617,0.000171,0.142702
2618,0.000393,0.143793
2619,0.000948,0.14306
2620,0.000254,0.14287
2621,0.000085,0.143659
2622,0.000147,0.141974
2623,0.000127,0.143158
2624,0.000256,0.142064
2625,0.000431,0.142601
2626,0.000181,0.142862
2627,0.000345,0.143091
2628,0.000298,0.143154
2629,0.000345,0.14183
2630,0.001586,0.142633
2631,0.00028,0.142827
2632,0.000029,0.142601
2633,0.000139,0.142569
2634,0.00033,0.142347
2635,0.000169,0.142837
2636,0.000109,0.142119
2637,0.000034,0.142052
2638,0.000467,0.14229
2639,0.001403,0.142688
2640,0.000044,0.141934
2641,0.000055,0.142508
2642,0.000073,0.143036
2643,0.000084,0.142409
2644,0.000086,0.142743
2645,0.000422,0.142453
2646,0.000539,0.142305
2647,0.000245,0.14245
2648,0.000304,0.141877
2649,0.000217,0.142515
2650,0.00005,0.14207
2651,0.000077,0.143477
2652,0.000212,0.141841
2653,0.000315,0.142774
2654,0.000322,0.14311
2655,0.000807,0.141596
2656,0.001476,0.142828
2657,0.00005,0.142481
2658,0.000028,0.143171
2659,0.00006,0.142416
2660,0.000099,0.142388
2661,0.000099,0.143163
2662,0.000079,0.14229
2663,0.000184,0.142377
2664,0.000232,0.142103
2665,0.000269,0.14266
2666,0.00041,0.141853
2667,0.000377,0.141115
2668,0.000095,0.141976
2669,0.000297,0.142265
2670,0.000146,0.141816
2671,0.000124,0.142049
2672,0.000092,0.14245
2673,0.000372,0.143138
2674,0.001055,0.142956
2675,0.000186,0.142141
2676,0.000233,0.143096
2677,0.000189,0.142061
2678,0.000158,0.142484
2679,0.000138,0.141555
2680,0.0002,0.14241
2681,0.000195,0.141879
2682,0.0001,0.142151
2683,0.000556,0.143074
2684,0.00037,0.141
2685,0.000195,0.141705
2686,0.000705,0.141694
2687,0.000454,0.142339
2688,0.000178,0.141941
2689,0.000228,0.141798
2690,0.000274,0.141906
2691,0.000489,0.142357
2692,0.000351,0.142094
2693,0.00008,0.142026
2694,0.000037,0.142649
2695,0.000143,0.143217
2696,0.00026,0.142356
2697,0.00155,0.141948
2698,0.002058,0.141553
2699,0.000088,0.141932
2700,0.00002,0.142609
2701,0.000014,0.142118
2702,0.000048,0.141361
2703,0.000028,0.141939
2704,0.00005,0.141991
2705,0.000086,0.142034
2706,0.000151,0.141539
2707,0.00003,0.141077
2708,0.000043,0.141552
2709,0.000383,0.142075
2710,0.000495,0.142834
2711,0.000103,0.14218
2712,0.000115,0.141883
2713,0.000185,0.142477
2714,0.000182,0.142088
2715,0.000132,0.141696
2716,0.000559,0.142118
2717,0.000602,0.141733
2718,0.000079,0.14215
2719,0.000111,0.141538
2720,0.000098,0.141626
2721,0.000508,0.141561
2722,0.001358,0.141978
2723,0.001054,0.142066
2724,0.000106,0.141966
2725,0.000016,0.141925
2726,0.000036,0.141827
2727,0.000071,0.141905
2728,0.000253,0.142027
2729,0.000233,0.141968
2730,0.000107,0.14227
2731,0.001792,0.142938
2732,0.000408,0.141717
2733,0.000439,0.142735
2734,0.000117,0.142093
2735,0.000217,0.14195
2736,0.000102,0.141889
2737,0.000046,0.142143
2738,0.000056,0.14154
2739,0.000089,0.141413
2740,0.000427,0.141281
2741,0.000392,0.142512
2742,0.000153,0.141756
2743,0.000077,0.141538
2744,0.000099,0.142208
2745,0.0001,0.142048
2746,0.000164,0.141909
2747,0.001064,0.142261
2748,0.00367,0.142331
2749,0.000359,0.141656
2750,0.000071,0.142297
2751,0.000082,0.142531
2752,0.000144,0.142273
2753,0.00003,0.140814
2754,0.000016,0.142229
2755,0.00002,0.14113
2756,0.000036,0.142118
2757,0.000147,0.14192
2758,0.000094,0.142375
2759,0.000163,0.142828
2760,0.000322,0.141725
2761,0.000106,0.141296
2762,0.000137,0.141708
2763,0.000219,0.141378
2764,0.00032,0.142045
2765,0.000161,0.141744
2766,0.000089,0.141295
2767,0.000222,0.141855
2768,0.000292,0.142111
2769,0.000406,0.14312
2770,0.000281,0.142004
2771,0.000078,0.141321
2772,0.000113,0.1412
2773,0.000246,0.141611
2774,0.000151,0.142298
2775,0.000746,0.142043
2776,0.00046,0.141408
2777,0.000075,0.141078
2778,0.000291,0.141921
2779,0.000331,0.140942
2780,0.000302,0.141914
2781,0.000107,0.14229
2782,0.000505,0.14231
2783,0.000199,0.141943
2784,0.000295,0.142455
2785,0.000641,0.142013
2786,0.000069,0.141032
2787,0.000036,0.141693
2788,0.000081,0.141762
2789,0.000204,0.141694
2790,0.000334,0.141991
2791,0.000785,0.141626
2792,0.00073,0.141485
2793,0.000229,0.141623
2794,0.000042,0.14148
2795,0.000033,0.141116
2796,0.000031,0.142302
2797,0.00005,0.141579
2798,0.000076,0.14141
2799,0.000189,0.140946
2800,0.000948,0.141538
2801,0.000385,0.141724
2802,0.000183,0.141415
2803,0.000239,0.141227
2804,0.000186,0.14154
2805,0.000143,0.140548
2806,0.000225,0.141489
2807,0.000285,0.141744
2808,0.000186,0.140966
2809,0.000098,0.141495
2810,0.00037,0.140998
2811,0.00033,0.14132
2812,0.000088,0.141096
2813,0.000697,0.142043
2814,0.001454,0.141164
2815,0.000253,0.14141
2816,0.000216,0.141039
2817,0.000031,0.140675
2818,0.000055,0.140778
2819,0.000064,0.140701
2820,0.000083,0.140948
2821,0.000209,0.140518
2822,0.000242,0.142046
2823,0.000161,0.140856
2824,0.000111,0.140992
2825,0.000197,0.140617
2826,0.000239,0.141757
2827,0.000254,0.141186
2828,0.000095,0.140629
2829,0.000691,0.142011
2830,0.000692,0.140552
2831,0.000139,0.140819
2832,0.021277,0.141668
2833,0.000179,0.140264
2834,0.000147,0.140951
2835,0.000061,0.142143
2836,0.000088,0.140901
2837,0.000048,0.14114
2838,0.000151,0.141447
2839,0.00017,0.140784
2840,0.000145,0.141151
2841,0.000174,0.140687
2842,0.000041,0.141014
2843,0.000071,0.141139
2844,0.000025,0.141383
2845,0.000031,0.141027
2846,0.000022,0.141233
2847,0.000062,0.141065
2848,0.000078,0.141472
2849,0.000097,0.140872
2850,0.000049,0.14055
2851,0.000025,0.14164
2852,0.000022,0.14105
2853,0.000018,0.141592
2854,0.000032,0.140732
2855,0.00002,0.14099
2856,0.000024,0.140474
2857,0.000032,0.140679
2858,0.000083,0.140129
2859,0.000033,0.140737
2860,0.000056,0.142284
2861,0.000123,0.140678
2862,0.000026,0.140739
2863,0.000018,0.141501
2864,0.000041,0.140711
2865,0.000019,0.140738
2866,0.000037,0.141661
2867,0.000803,0.141906
2868,0.000095,0.141005
2869,0.000034,0.140884
2870,0.00003,0.141083
2871,0.000037,0.140861
2872,0.000027,0.140941
2873,0.000043,0.140832
2874,0.000053,0.140645
2875,0.000114,0.13955
2876,0.000283,0.140859
2877,0.000222,0.140926
2878,0.000088,0.140667
2879,0.000232,0.142069
2880,0.000089,0.140769
2881,0.00041,0.140592
2882,0.000133,0.141094
2883,0.000081,0.140369
2884,0.000058,0.140528
2885,0.000201,0.140984
2886,0.000171,0.141924
2887,0.000307,0.141177
2888,0.000263,0.140667
2889,0.000156,0.140228
2890,0.000072,0.140813
2891,0.000123,0.141411
2892,0.000382,0.140924
2893,0.00012,0.140736
2894,0.000117,0.140178
2895,0.000218,0.14071
2896,0.000162,0.140304
2897,0.000158,0.13946
2898,0.000197,0.140374
2899,0.000142,0.141048
2900,0.000204,0.139788
2901,0.000251,0.140812
2902,0.000442,0.141086
2903,0.000279,0.140228
2904,0.000049,0.141152
2905,0.000079,0.14128
2906,0.000177,0.141389
2907,0.000376,0.140944
2908,0.000326,0.140539
2909,0.000097,0.141374
2910,0.00006,0.140924
2911,0.000059,0.140618
2912,0.000123,0.141796
2913,0.000315,0.140991
2914,0.000425,0.140652
2915,0.000202,0.140515
2916,0.000097,0.140295
2917,0.000267,0.140462
2918,0.00032,0.140484
2919,0.000206,0.14129
2920,0.000104,0.14055
2921,0.000108,0.14019
2922,0.000895,0.140791
2923,0.00038,0.140838
2924,0.000037,0.140313
2925,0.00011,0.1403
2926,0.000213,0.140619
2927,0.000218,0.14053
2928,0.000161,0.1414
2929,0.000384,0.140687
2930,0.000412,0.140451
2931,0.000115,0.140822
2932,0.000184,0.140442
2933,0.000159,0.140948
2934,0.000203,0.140292
2935,0.000078,0.139906
2936,0.000046,0.140543
2937,0.00017,0.140323
2938,0.000447,0.140406
2939,0.000768,0.140916
2940,0.000081,0.140591
2941,0.000062,0.139933
2942,0.000164,0.140546
2943,0.000435,0.140544
2944,0.000282,0.141187
2945,0.000071,0.140645
2946,0.00008,0.140385
2947,0.000106,0.140602
2948,0.000458,0.140709
2949,0.000398,0.139864
2950,0.000208,0.140698
2951,0.000147,0.140711
2952,0.000114,0.140774
2953,0.000129,0.140107
2954,0.000295,0.140268
2955,0.000411,0.139353
2956,0.000256,0.140579
2957,0.000112,0.140083
2958,0.000079,0.140932
2959,0.000309,0.14055
2960,0.00024,0.14124
2961,0.00026,0.141379
2962,0.000404,0.141031
2963,0.000215,0.139949
2964,0.000163,0.140465
2965,0.000071,0.140582
2966,0.000125,0.140188
2967,0.000312,0.140181
2968,0.000452,0.141084
2969,0.000499,0.140915
2970,0.000091,0.141406
2971,0.000063,0.140513
2972,0.000099,0.140183
2973,0.000116,0.140397
2974,0.00039,0.140454
2975,0.000389,0.139625
2976,0.000341,0.13971
2977,0.000511,0.140057
2978,0.000271,0.14117
2979,0.000065,0.140618
2980,0.000109,0.139968
2981,0.00027,0.140589
2982,0.002025,0.141413
2983,0.000268,0.140045
2984,0.000158,0.140229
2985,0.000248,0.139941
2986,0.000103,0.140442
2987,0.000048,0.140993
2988,0.000049,0.13954
2989,0.000211,0.139407
2990,0.001468,0.140514
2991,0.001435,0.139839
2992,0.000085,0.140295
2993,0.000246,0.140413
2994,0.000083,0.139296
2995,0.000022,0.139706
2996,0.000014,0.140304
2997,0.000015,0.140036
2998,0.000303,0.139435
2999,0.004938,0.139642
3000,0.000083,0.139924
3001,0.00021,0.139845
3002,0.000017,0.140013
3003,0.000072,0.140152
3004,0.000079,0.139057
3005,0.00021,0.139817
3006,0.000041,0.139754
3007,0.000173,0.139492
3008,0.000039,0.140261
3009,0.000016,0.140569
3010,0.000013,0.140588
3011,0.000027,0.139963
3012,0.000212,0.140056
3013,0.000145,0.140604
3014,0.000238,0.139208
3015,0.000077,0.139865
3016,0.000044,0.140369
3017,0.000149,0.140215
3018,0.000093,0.140121
3019,0.000442,0.140386
3020,0.000301,0.140493
3021,0.000169,0.139628
3022,0.000129,0.139696
3023,0.000128,0.140137
3024,0.000093,0.139863
3025,0.000213,0.140232
3026,0.000438,0.140193
3027,0.000641,0.140391
3028,0.000343,0.14058
3029,0.000166,0.140315
3030,0.000111,0.140203
3031,0.000067,0.140173
3032,0.000048,0.140172
3033,0.000141,0.140563
3034,0.000369,0.14013
3035,0.000746,0.139725
3036,0.000172,0.139281
3037,0.000033,0.139971
3038,0.000171,0.13991
3039,0.000094,0.140602
3040,0.000135,0.139821
3041,0.000958,0.140023
3042,0.000178,0.140785
3043,0.000114,0.139828
3044,0.000279,0.140114
3045,0.000504,0.139809
3046,0.000177,0.140049
3047,0.000069,0.140464
3048,0.000022,0.140196
3049,0.000073,0.139284
3050,0.000177,0.139286
3051,0.000406,0.13923
3052,0.00038,0.140367
3053,0.000904,0.138762
3054,0.000229,0.138916
3055,0.000022,0.139984
3056,0.000019,0.140709
3057,0.00002,0.13917
3058,0.000032,0.139466
3059,0.000132,0.139105
3060,0.000621,0.139286
3061,0.00064,0.140063
3062,0.000394,0.13959
3063,0.000204,0.140142
3064,0.00012,0.140302
3065,0.000622,0.138623
3066,0.000144,0.138918
3067,0.000183,0.139392
3068,0.000176,0.139295
3069,0.000421,0.140513
3070,0.000105,0.139407
3071,0.000265,0.139927
3072,0.000823,0.139099
3073,0.000039,0.1391
3074,0.000034,0.139882
3075,0.000052,0.140269
3076,0.000083,0.138891
3077,0.000098,0.139925
3078,0.000172,0.138589
3079,0.000104,0.139415
3080,0.000301,0.139543
3081,0.000616,0.138703
3082,0.000787,0.138907
3083,0.00008,0.140337
3084,0.000108,0.139273
3085,0.000048,0.139819
3086,0.000029,0.139103
3087,0.000055,0.139854
3088,0.000116,0.139063
3089,0.000585,0.139894
3090,0.000553,0.139713
3091,0.000131,0.14055
3092,0.000152,0.139503
3093,0.000038,0.139436
3094,0.000031,0.139494
3095,0.000044,0.140481
3096,0.000293,0.139976
3097,0.000796,0.139568
3098,0.000144,0.139787
3099,0.00019,0.139985
3100,0.000119,0.139106
3101,0.000363,0.140889
3102,0.000212,0.139227
3103,0.000098,0.139702
3104,0.000167,0.140101